{
    "MasterVolume": 1.0,
    "BGMVolume": 0.7589370608329773,
    "SFXVolume": 0.3233114778995514,
    "resolutionVal": 0
}